{"cameraMode":{"drawMode":0,"name":"Shaded","section":"Shading Mode"},"sceneLighting":true,"audioPlay":false,"sceneViewState":{"m_AlwaysRefresh":false,"showFog":true,"showSkybox":true,"showFlares":true,"showImageEffects":true,"showParticleSystems":true,"showVisualEffectGraphs":true,"m_FxEnabled":true},"in2DMode":false,"pivot":{"x":0.014804529026150704,"y":-0.18016588687896729,"z":-0.03284800052642822},"rotation":{"x":-0.7769502997398377,"y":-0.0015127254882827402,"z":0.001866613165475428,"w":-0.6295586228370667},"size":0.12432194501161576,"orthographic":true}