{"cameraMode":{"drawMode":0,"name":"Shaded","section":"Shading Mode"},"sceneLighting":true,"audioPlay":false,"sceneViewState":{"showFog":true,"showMaterialUpdate":false,"showSkybox":true,"showFlares":true,"showImageEffects":true,"showParticleSystems":true,"showVisualEffectGraphs":true,"m_FxEnabled":true},"in2DMode":false,"pivot":{"x":-0.8324927091598511,"y":0.49575018882751467,"z":-1.2020037174224854},"rotation":{"x":-0.0004886678652837873,"y":0.9993575215339661,"z":-0.03329981863498688,"w":-0.014689654111862183},"size":2.953709602355957,"orthographic":false}