{"cameraMode":{"drawMode":0,"name":"Shaded","section":"Shading Mode"},"sceneLighting":true,"audioPlay":false,"sceneViewState":{"m_AlwaysRefresh":false,"showFog":true,"showSkybox":true,"showFlares":true,"showImageEffects":true,"showParticleSystems":true,"showVisualEffectGraphs":true,"m_FxEnabled":true},"in2DMode":false,"pivot":{"x":-0.1641320139169693,"y":1.0064467191696168,"z":0.07541829347610474},"rotation":{"x":0.07914654910564423,"y":-0.08214685320854187,"z":0.006545300129801035,"w":0.9934571385383606},"size":2.0548081398010256,"orthographic":false}